{"Mean":{"confidence_interval":{"confidence_level":0.95,"lower_bound":-0.3021937792856083,"upper_bound":-0.27594033844304844},"point_estimate":-0.2883251290060268,"standard_error":0.006710127867195201},"Median":{"confidence_interval":{"confidence_level":0.95,"lower_bound":-0.2810420508317051,"upper_bound":-0.28027983488644725},"point_estimate":-0.28081755232497185,"standard_error":0.0001528274171381242}}