{"Mean":{"confidence_interval":{"confidence_level":0.95,"lower_bound":333.18621493574653,"upper_bound":339.0847065821524},"point_estimate":335.6704167666705,"standard_error":1.5256889096126525},"Median":{"confidence_interval":{"confidence_level":0.95,"lower_bound":332.35123479486475,"upper_bound":332.6235321873947},"point_estimate":332.47362089743433,"standard_error":0.06780299896415343},"MedianAbsDev":{"confidence_interval":{"confidence_level":0.95,"lower_bound":0.3022716056615067,"upper_bound":0.5484412318596679},"point_estimate":0.45228414324471644,"standard_error":0.06146478135294503},"Slope":{"confidence_interval":{"confidence_level":0.95,"lower_bound":332.4646983657034,"upper_bound":333.2263847321856},"point_estimate":332.7527381154275,"standard_error":0.20471194492299571},"StdDev":{"confidence_interval":{"confidence_level":0.95,"lower_bound":3.1494783476130235,"upper_bound":24.219014711078405},"point_estimate":15.343856281335775,"standard_error":5.4284169354627645}}