{"Mean":{"confidence_interval":{"confidence_level":0.95,"lower_bound":0.004792977537113977,"upper_bound":0.036993099815403274},"point_estimate":0.01891451652764564,"standard_error":0.00840389125898669},"Median":{"confidence_interval":{"confidence_level":0.95,"lower_bound":0.011405054793200513,"upper_bound":0.013965043850097336},"point_estimate":0.012786090692368468,"standard_error":0.0006600250450252622}}