{"Mean":{"confidence_interval":{"confidence_level":0.95,"lower_bound":228.14279565935018,"upper_bound":234.65816713522747},"point_estimate":231.20720567419914,"standard_error":1.6731414490831986},"Median":{"confidence_interval":{"confidence_level":0.95,"lower_bound":222.63106442577032,"upper_bound":224.3536222888128},"point_estimate":222.84286454396573,"standard_error":0.4646119376540148},"MedianAbsDev":{"confidence_interval":{"confidence_level":0.95,"lower_bound":1.1986060551691697,"upper_bound":3.738341623235543},"point_estimate":1.7403997819853265,"standard_error":0.6771741524999584},"Slope":{"confidence_interval":{"confidence_level":0.95,"lower_bound":226.33905113353532,"upper_bound":232.5463807322367},"point_estimate":229.2104198033876,"standard_error":1.5901367741503878},"StdDev":{"confidence_interval":{"confidence_level":0.95,"lower_bound":11.767758759016276,"upper_bound":21.07822205326939},"point_estimate":16.81238788797892,"standard_error":2.389659739222184}}