{"Mean":{"confidence_interval":{"confidence_level":0.95,"lower_bound":0.015389017896556131,"upper_bound":0.04823960936492906},"point_estimate":0.03284918872838638,"standard_error":0.008416762886526472},"Median":{"confidence_interval":{"confidence_level":0.95,"lower_bound":0.04810648641442805,"upper_bound":0.04958786420839539},"point_estimate":0.04892915756395544,"standard_error":0.00037240549127223505}}