{"Mean":{"confidence_interval":{"confidence_level":0.95,"lower_bound":0.01929957391930985,"upper_bound":0.05071107833811739},"point_estimate":0.03474595624615229,"standard_error":0.00824543514612105},"Median":{"confidence_interval":{"confidence_level":0.95,"lower_bound":0.004095389336604638,"upper_bound":0.012903678610400426},"point_estimate":0.00514617050880295,"standard_error":0.002677297292168663}}