{"Mean":{"confidence_interval":{"confidence_level":0.95,"lower_bound":-0.18064460294119272,"upper_bound":-0.1442532961889277},"point_estimate":-0.1640085331087736,"standard_error":0.009616668945380788},"Median":{"confidence_interval":{"confidence_level":0.95,"lower_bound":-0.18514937168093792,"upper_bound":-0.18420066493722786},"point_estimate":-0.18476262376291785,"standard_error":0.0002493142406559531}}