{"Mean":{"confidence_interval":{"confidence_level":0.95,"lower_bound":334.8539549888473,"upper_bound":339.689286735229},"point_estimate":336.94394742262665,"standard_error":1.2537248490418482},"Median":{"confidence_interval":{"confidence_level":0.95,"lower_bound":333.9973829488047,"upper_bound":334.26634317291587},"point_estimate":334.10403929213453,"standard_error":0.07815076418906657},"MedianAbsDev":{"confidence_interval":{"confidence_level":0.95,"lower_bound":0.275205436666513,"upper_bound":0.5663164646409153},"point_estimate":0.3565180610038649,"standard_error":0.07915686055448526},"Slope":{"confidence_interval":{"confidence_level":0.95,"lower_bound":334.1282598778143,"upper_bound":334.64020490340357},"point_estimate":334.33719173126906,"standard_error":0.1345311578831601},"StdDev":{"confidence_interval":{"confidence_level":0.95,"lower_bound":3.7676763374695943,"upper_bound":19.002971480418626},"point_estimate":12.562313555165423,"standard_error":3.9034086523696163}}