{"Mean":{"confidence_interval":{"confidence_level":0.95,"lower_bound":-0.005671737413151647,"upper_bound":0.01376100749406559},"point_estimate":0.0024637471151269796,"standard_error":0.004866228400000487},"Median":{"confidence_interval":{"confidence_level":0.95,"lower_bound":-0.0026442931901216895,"upper_bound":-0.001771424347919326},"point_estimate":-0.002290439599653249,"standard_error":0.00022063752423898315}}