{"Mean":{"confidence_interval":{"confidence_level":0.95,"lower_bound":555.7172343086119,"upper_bound":561.7685901525281},"point_estimate":558.2874777972579,"standard_error":1.5746130449527802},"Median":{"confidence_interval":{"confidence_level":0.95,"lower_bound":555.180547739636,"upper_bound":555.6770348391058},"point_estimate":555.3755888994704,"standard_error":0.11266984352267712},"MedianAbsDev":{"confidence_interval":{"confidence_level":0.95,"lower_bound":0.5634651141348356,"upper_bound":1.0575616483699077},"point_estimate":0.7229905093277504,"standard_error":0.13001738436815594},"Slope":{"confidence_interval":{"confidence_level":0.95,"lower_bound":555.4063474388512,"upper_bound":556.0312749904022},"point_estimate":555.6878260092196,"standard_error":0.1597622929176974},"StdDev":{"confidence_interval":{"confidence_level":0.95,"lower_bound":3.680112833761375,"upper_bound":24.33707249143094},"point_estimate":15.759336850518547,"standard_error":5.46517002421612}}