{"Mean":{"confidence_interval":{"confidence_level":0.95,"lower_bound":-0.016721023684436766,"upper_bound":0.001166079134369502},"point_estimate":-0.008298149987749026,"standard_error":0.004490804006586033},"Median":{"confidence_interval":{"confidence_level":0.95,"lower_bound":-0.015691854440571196,"upper_bound":-0.013698627342790592},"point_estimate":-0.014438288163712065,"standard_error":0.0004865238291578825}}