{"Mean":{"confidence_interval":{"confidence_level":0.95,"lower_bound":-0.018560571592559364,"upper_bound":0.017238176833479144},"point_estimate":-0.0028348415297587692,"standard_error":0.00944123177053745},"Median":{"confidence_interval":{"confidence_level":0.95,"lower_bound":-0.011057229809216994,"upper_bound":-0.008059241763018865},"point_estimate":-0.008910990759676718,"standard_error":0.0007999291407906985}}