{"Mean":{"confidence_interval":{"confidence_level":0.95,"lower_bound":1687.8431687960567,"upper_bound":1711.1086350487292},"point_estimate":1698.5558623173479,"standard_error":5.952116132376236},"Median":{"confidence_interval":{"confidence_level":0.95,"lower_bound":1676.244074815263,"upper_bound":1679.5067574646412},"point_estimate":1678.3713817114062,"standard_error":0.7867671222960521},"MedianAbsDev":{"confidence_interval":{"confidence_level":0.95,"lower_bound":5.3101194191770595,"upper_bound":10.809592898703537},"point_estimate":7.87632504490118,"standard_error":1.4590693981286431},"Slope":{"confidence_interval":{"confidence_level":0.95,"lower_bound":1681.8552189731809,"upper_bound":1707.901092506103},"point_estimate":1693.5050982201517,"standard_error":6.677342557237892},"StdDev":{"confidence_interval":{"confidence_level":0.95,"lower_bound":36.8174896133633,"upper_bound":77.61631387425525},"point_estimate":59.518446861717784,"standard_error":10.362828287886806}}