{"Mean":{"confidence_interval":{"confidence_level":0.95,"lower_bound":464.76715335412223,"upper_bound":477.8871557193918},"point_estimate":470.5159158578125,"standard_error":3.3881171861414465},"Median":{"confidence_interval":{"confidence_level":0.95,"lower_bound":463.0500305533984,"upper_bound":463.7854053753247},"point_estimate":463.27548899657813,"standard_error":0.19760227512620196},"MedianAbsDev":{"confidence_interval":{"confidence_level":0.95,"lower_bound":1.0149884534225415,"upper_bound":1.606301938123064},"point_estimate":1.2882216970075355,"standard_error":0.14894181081772534},"Slope":{"confidence_interval":{"confidence_level":0.95,"lower_bound":463.58860066562016,"upper_bound":464.0757164912277},"point_estimate":463.83788541424707,"standard_error":0.12391092852298709},"StdDev":{"confidence_interval":{"confidence_level":0.95,"lower_bound":12.739600364613894,"upper_bound":49.07994563258799},"point_estimate":33.99088016368584,"standard_error":9.085437486813692}}