{"Mean":{"confidence_interval":{"confidence_level":0.95,"lower_bound":0.3176049300382903,"upper_bound":0.467601088769507},"point_estimate":0.39342318298807855,"standard_error":0.03838273255435145},"Median":{"confidence_interval":{"confidence_level":0.95,"lower_bound":0.24444395969967683,"upper_bound":0.5483238764295046},"point_estimate":0.3245835660161944,"standard_error":0.07390194272433126}}