{"Mean":{"confidence_interval":{"confidence_level":0.95,"lower_bound":336.4130486619754,"upper_bound":349.44304312906553},"point_estimate":342.2057093873544,"standard_error":3.371961212723801},"Median":{"confidence_interval":{"confidence_level":0.95,"lower_bound":333.7527094450952,"upper_bound":333.98112649564905},"point_estimate":333.8558654061361,"standard_error":0.05705310703004925},"MedianAbsDev":{"confidence_interval":{"confidence_level":0.95,"lower_bound":0.30791131825560325,"upper_bound":0.6112503834601569},"point_estimate":0.44932136068950945,"standard_error":0.08247218902125755},"Slope":{"confidence_interval":{"confidence_level":0.95,"lower_bound":333.89298738436537,"upper_bound":334.3951994154176},"point_estimate":334.10343744313064,"standard_error":0.13000517583895918},"StdDev":{"confidence_interval":{"confidence_level":0.95,"lower_bound":13.885016484610222,"upper_bound":48.289098523520906},"point_estimate":33.949065932368526,"standard_error":8.66295851007677}}