{"Mean":{"confidence_interval":{"confidence_level":0.95,"lower_bound":1375.3078525246704,"upper_bound":1435.2801493318877},"point_estimate":1400.8915152017978,"standard_error":15.504248412748924},"Median":{"confidence_interval":{"confidence_level":0.95,"lower_bound":1367.176293302131,"upper_bound":1370.3542355204277},"point_estimate":1369.1045833538094,"standard_error":0.7431161549185419},"MedianAbsDev":{"confidence_interval":{"confidence_level":0.95,"lower_bound":5.183585007419439,"upper_bound":7.9860701407196215},"point_estimate":6.338140843357796,"standard_error":0.699118977942838},"Slope":{"confidence_interval":{"confidence_level":0.95,"lower_bound":1367.5115491821969,"upper_bound":1369.7008868633297},"point_estimate":1368.5994942212144,"standard_error":0.5585702376119245},"StdDev":{"confidence_interval":{"confidence_level":0.95,"lower_bound":51.32935648229436,"upper_bound":237.14751924929303},"point_estimate":155.772071446562,"standard_error":48.80001429478926}}