{"Mean":{"confidence_interval":{"confidence_level":0.95,"lower_bound":297.46063939052993,"upper_bound":304.97493401113627},"point_estimate":300.879989238384,"standard_error":1.9288905394742328},"Median":{"confidence_interval":{"confidence_level":0.95,"lower_bound":296.5566865506,"upper_bound":296.96432734390464},"point_estimate":296.8035628566829,"standard_error":0.0988935719257148},"MedianAbsDev":{"confidence_interval":{"confidence_level":0.95,"lower_bound":0.5526956552012268,"upper_bound":1.0495864614586012},"point_estimate":0.8169532961194204,"standard_error":0.12947789530697834},"Slope":{"confidence_interval":{"confidence_level":0.95,"lower_bound":296.7275998926981,"upper_bound":297.13136058699286},"point_estimate":296.91649334948164,"standard_error":0.1026172058617206},"StdDev":{"confidence_interval":{"confidence_level":0.95,"lower_bound":10.471282348397553,"upper_bound":26.245345223794867},"point_estimate":19.432085295227285,"standard_error":4.058111579441209}}