{"Mean":{"confidence_interval":{"confidence_level":0.95,"lower_bound":-0.01510336929075323,"upper_bound":0.022500905377657723},"point_estimate":0.004342755733344195,"standard_error":0.009588584296771606},"Median":{"confidence_interval":{"confidence_level":0.95,"lower_bound":0.012400795789589424,"upper_bound":0.013548844290292905},"point_estimate":0.013102412260941776,"standard_error":0.0002905484855972501}}