{"Mean":{"confidence_interval":{"confidence_level":0.95,"lower_bound":256.3743600549997,"upper_bound":260.01253664148715},"point_estimate":257.8996581802377,"standard_error":0.9496159480979458},"Median":{"confidence_interval":{"confidence_level":0.95,"lower_bound":255.87745570464824,"upper_bound":256.0105115796334},"point_estimate":255.9178001163341,"standard_error":0.03732569415966722},"MedianAbsDev":{"confidence_interval":{"confidence_level":0.95,"lower_bound":0.18249072755165988,"upper_bound":0.3704217205731624},"point_estimate":0.24162582494900758,"standard_error":0.05071155559482766},"Slope":{"confidence_interval":{"confidence_level":0.95,"lower_bound":255.9210701163898,"upper_bound":256.0760374844683},"point_estimate":255.99121935882098,"standard_error":0.039564331560068264},"StdDev":{"confidence_interval":{"confidence_level":0.95,"lower_bound":1.659755874274853,"upper_bound":14.969087485815898},"point_estimate":9.574012853669197,"standard_error":3.534472317030415}}