{"Mean":{"confidence_interval":{"confidence_level":0.95,"lower_bound":1402.921004674388,"upper_bound":1443.50430512345},"point_estimate":1419.6281881038096,"standard_error":10.634854202693663},"Median":{"confidence_interval":{"confidence_level":0.95,"lower_bound":1398.0718265273822,"upper_bound":1401.3349740537242},"point_estimate":1399.8500751732458,"standard_error":0.8691485004168782},"MedianAbsDev":{"confidence_interval":{"confidence_level":0.95,"lower_bound":5.477210719898662,"upper_bound":9.34427819506039},"point_estimate":7.488186208532162,"standard_error":0.995217008754109},"Slope":{"confidence_interval":{"confidence_level":0.95,"lower_bound":1399.184897034241,"upper_bound":1402.1857599654645},"point_estimate":1400.704525544403,"standard_error":0.7641279176790736},"StdDev":{"confidence_interval":{"confidence_level":0.95,"lower_bound":18.665167386820556,"upper_bound":171.24250286213893},"point_estimate":106.80803521946368,"standard_error":41.11556250359679}}