{"Mean":{"confidence_interval":{"confidence_level":0.95,"lower_bound":0.03475241429253312,"upper_bound":0.09537066427814818},"point_estimate":0.06701205415446476,"standard_error":0.015540661778923713},"Median":{"confidence_interval":{"confidence_level":0.95,"lower_bound":0.08072820460947283,"upper_bound":0.10677073387518048},"point_estimate":0.09296489584255352,"standard_error":0.006826177256357289}}