{"Mean":{"confidence_interval":{"confidence_level":0.95,"lower_bound":0.009769070577208768,"upper_bound":0.03704049737240322},"point_estimate":0.023154254398878527,"standard_error":0.006967446485460908},"Median":{"confidence_interval":{"confidence_level":0.95,"lower_bound":0.008338044905235265,"upper_bound":0.010019697128320848},"point_estimate":0.009252551307218138,"standard_error":0.00043410912147977834}}