{"Mean":{"confidence_interval":{"confidence_level":0.95,"lower_bound":-0.029818435900961747,"upper_bound":0.002888839473652147},"point_estimate":-0.012315364725143496,"standard_error":0.008331364986223583},"Median":{"confidence_interval":{"confidence_level":0.95,"lower_bound":-0.00146488826899096,"upper_bound":-0.0009117259872885031},"point_estimate":-0.0012487694619158773,"standard_error":0.00015217610902435342}}