{"Mean":{"confidence_interval":{"confidence_level":0.95,"lower_bound":-0.048410447202230936,"upper_bound":-0.00519235054875665},"point_estimate":-0.02534403918937933,"standard_error":0.011087991654002963},"Median":{"confidence_interval":{"confidence_level":0.95,"lower_bound":-0.005774179484766995,"upper_bound":-0.004917752941238973},"point_estimate":-0.005405785794055373,"standard_error":0.00023779997680129964}}