{"Mean":{"confidence_interval":{"confidence_level":0.95,"lower_bound":786.9857020664338,"upper_bound":798.4015174434912},"point_estimate":791.7338875153125,"standard_error":2.9699186064022256},"Median":{"confidence_interval":{"confidence_level":0.95,"lower_bound":784.7214107663749,"upper_bound":785.3215459288052},"point_estimate":784.9770405347281,"standard_error":0.14320425556132005},"MedianAbsDev":{"confidence_interval":{"confidence_level":0.95,"lower_bound":1.1000550411529388,"upper_bound":1.9809228917671977},"point_estimate":1.518444440072143,"standard_error":0.2231350978864385},"Slope":{"confidence_interval":{"confidence_level":0.95,"lower_bound":785.2104754197273,"upper_bound":787.4798004759244},"point_estimate":786.1562334714574,"standard_error":0.5928384845677803},"StdDev":{"confidence_interval":{"confidence_level":0.95,"lower_bound":7.627775513888849,"upper_bound":47.300053545618205},"point_estimate":29.80820758750344,"standard_error":10.845419957095622}}