{"Mean":{"confidence_interval":{"confidence_level":0.95,"lower_bound":260.20367472114,"upper_bound":265.65562658017853},"point_estimate":262.4936738184996,"standard_error":1.419336629098872},"Median":{"confidence_interval":{"confidence_level":0.95,"lower_bound":259.16974932061447,"upper_bound":259.4320957044567},"point_estimate":259.32138633816714,"standard_error":0.06525371435482483},"MedianAbsDev":{"confidence_interval":{"confidence_level":0.95,"lower_bound":0.35749074216262994,"upper_bound":0.6924373178629178},"point_estimate":0.5435182172100493,"standard_error":0.08780623710130589},"Slope":{"confidence_interval":{"confidence_level":0.95,"lower_bound":259.4304522466742,"upper_bound":260.1515946248495},"point_estimate":259.7363939011346,"standard_error":0.18568943366095078},"StdDev":{"confidence_interval":{"confidence_level":0.95,"lower_bound":3.915060897928752,"upper_bound":22.64684108141929},"point_estimate":14.259684427398541,"standard_error":5.078288312688527}}