{"Mean":{"confidence_interval":{"confidence_level":0.95,"lower_bound":377.67127419861777,"upper_bound":393.8029918258843},"point_estimate":384.8209563448279,"standard_error":4.1351265120432705},"Median":{"confidence_interval":{"confidence_level":0.95,"lower_bound":374.7089607911173,"upper_bound":374.99653955438885},"point_estimate":374.78478619026384,"standard_error":0.07842470874161282},"MedianAbsDev":{"confidence_interval":{"confidence_level":0.95,"lower_bound":0.44872777843562683,"upper_bound":0.9186647262069219},"point_estimate":0.6076851199602537,"standard_error":0.11990047453336883},"Slope":{"confidence_interval":{"confidence_level":0.95,"lower_bound":375.0813727722202,"upper_bound":375.8373669888203},"point_estimate":375.41523057451013,"standard_error":0.19410367183100635},"StdDev":{"confidence_interval":{"confidence_level":0.95,"lower_bound":17.788293594981198,"upper_bound":59.26536287679143},"point_estimate":41.585955095009645,"standard_error":10.53900513303834}}