{"Mean":{"confidence_interval":{"confidence_level":0.95,"lower_bound":0.4536325708808712,"upper_bound":0.4945017969889785},"point_estimate":0.4734126774592491,"standard_error":0.010928700810038171},"Median":{"confidence_interval":{"confidence_level":0.95,"lower_bound":0.45276744187217743,"upper_bound":0.4552790831474811},"point_estimate":0.45362266386317907,"standard_error":0.0006549366806274217}}