{"Mean":{"confidence_interval":{"confidence_level":0.95,"lower_bound":211.28455396062833,"upper_bound":217.11883425741962},"point_estimate":214.09997572139773,"standard_error":1.4867693178678902},"Median":{"confidence_interval":{"confidence_level":0.95,"lower_bound":210.61893558644033,"upper_bound":215.4403148223108},"point_estimate":212.84557061027184,"standard_error":1.2976676861211864},"MedianAbsDev":{"confidence_interval":{"confidence_level":0.95,"lower_bound":7.268548288271424,"upper_bound":18.424560945987203},"point_estimate":12.769484435340814,"standard_error":3.0322340531983043},"Slope":{"confidence_interval":{"confidence_level":0.95,"lower_bound":209.5429393110431,"upper_bound":215.40957966968043},"point_estimate":212.4037572594785,"standard_error":1.5008397238901854},"StdDev":{"confidence_interval":{"confidence_level":0.95,"lower_bound":11.565864268343997,"upper_bound":17.929647845285345},"point_estimate":14.902270948035861,"standard_error":1.6264833609277383}}