{"Mean":{"confidence_interval":{"confidence_level":0.95,"lower_bound":-0.05842412388502698,"upper_bound":-0.0013103610702250234},"point_estimate":-0.02771325255095214,"standard_error":0.014738644806907253},"Median":{"confidence_interval":{"confidence_level":0.95,"lower_bound":0.000032502915456200654,"upper_bound":0.0011282796323628386},"point_estimate":0.0005491380896196496,"standard_error":0.00027965047729342575}}