{"Mean":{"confidence_interval":{"confidence_level":0.95,"lower_bound":-0.020081022118104856,"upper_bound":0.0029799245720774324},"point_estimate":-0.008029724995011311,"standard_error":0.005832275462814494},"Median":{"confidence_interval":{"confidence_level":0.95,"lower_bound":-0.011913208895343086,"upper_bound":-0.006643885529084681},"point_estimate":-0.008627618668857862,"standard_error":0.001362898526093548}}