{"Mean":{"confidence_interval":{"confidence_level":0.95,"lower_bound":1403.0180047326683,"upper_bound":1447.8067715526693},"point_estimate":1421.7368406484165,"standard_error":11.598744661259502},"Median":{"confidence_interval":{"confidence_level":0.95,"lower_bound":1397.8965601299246,"upper_bound":1401.7324066558442},"point_estimate":1399.829911375988,"standard_error":1.1521446441728105},"MedianAbsDev":{"confidence_interval":{"confidence_level":0.95,"lower_bound":5.585494408166537,"upper_bound":9.862015013109435},"point_estimate":7.247326142205407,"standard_error":1.0792111985259156},"Slope":{"confidence_interval":{"confidence_level":0.95,"lower_bound":1397.4204702172392,"upper_bound":1400.870878531537},"point_estimate":1399.0489593171071,"standard_error":0.8783306210927384},"StdDev":{"confidence_interval":{"confidence_level":0.95,"lower_bound":16.028326894056857,"upper_bound":185.616603861705},"point_estimate":116.52758720953727,"standard_error":42.70407557955543}}