{"Mean":{"confidence_interval":{"confidence_level":0.95,"lower_bound":-0.007072835665879071,"upper_bound":0.03381672932319963},"point_estimate":0.012413952296282504,"standard_error":0.010445092377288714},"Median":{"confidence_interval":{"confidence_level":0.95,"lower_bound":-0.006629237849716807,"upper_bound":-0.00586890707230258},"point_estimate":-0.00626745338000001,"standard_error":0.0001838086827707892}}