{"Mean":{"confidence_interval":{"confidence_level":0.95,"lower_bound":-0.006636335283214585,"upper_bound":0.04028924698526671},"point_estimate":0.014260460582769197,"standard_error":0.011867108983314636},"Median":{"confidence_interval":{"confidence_level":0.95,"lower_bound":0.0004423637658543811,"upper_bound":0.0011491871193809455},"point_estimate":0.0007324505590478037,"standard_error":0.0001799109240988243}}