{"Mean":{"confidence_interval":{"confidence_level":0.95,"lower_bound":-0.0010033278367445884,"upper_bound":0.016846558371700054},"point_estimate":0.007983406324206577,"standard_error":0.004566455180283297},"Median":{"confidence_interval":{"confidence_level":0.95,"lower_bound":0.00388037111082995,"upper_bound":0.005024520589353765},"point_estimate":0.004522655324130653,"standard_error":0.0002889571936411291}}