{"Mean":{"confidence_interval":{"confidence_level":0.95,"lower_bound":1358.4794285794362,"upper_bound":1430.759943012324},"point_estimate":1393.062631022351,"standard_error":18.509319684998285},"Median":{"confidence_interval":{"confidence_level":0.95,"lower_bound":1269.9867834793072,"upper_bound":1392.549511854951},"point_estimate":1303.2552413731046,"standard_error":33.92922555834747},"MedianAbsDev":{"confidence_interval":{"confidence_level":0.95,"lower_bound":28.84496232885069,"upper_bound":186.51099129189888},"point_estimate":79.46718493486651,"standard_error":43.1394695720517},"Slope":{"confidence_interval":{"confidence_level":0.95,"lower_bound":1301.8143438987918,"upper_bound":1345.8115549982952},"point_estimate":1321.0384279068637,"standard_error":11.242844176200741},"StdDev":{"confidence_interval":{"confidence_level":0.95,"lower_bound":141.21167570843704,"upper_bound":223.05297254597696},"point_estimate":185.13607496251396,"standard_error":20.965523674898964}}