{"Mean":{"confidence_interval":{"confidence_level":0.95,"lower_bound":-0.038771966638349906,"upper_bound":0.024094703226204797},"point_estimate":-0.007931427668816382,"standard_error":0.015918325171599305},"Median":{"confidence_interval":{"confidence_level":0.95,"lower_bound":-0.007360936322764538,"upper_bound":-0.0037778788402402785},"point_estimate":-0.005586357680968934,"standard_error":0.0008939287712235666}}