{"Mean":{"confidence_interval":{"confidence_level":0.95,"lower_bound":0.007105141558854426,"upper_bound":0.034859209913223325},"point_estimate":0.019030098611050317,"standard_error":0.006987514630835967},"Median":{"confidence_interval":{"confidence_level":0.95,"lower_bound":-0.0006822275835947078,"upper_bound":0.0016022108883404496},"point_estimate":0.0005083031310566533,"standard_error":0.0005813055877974324}}