{"Mean":{"confidence_interval":{"confidence_level":0.95,"lower_bound":0.07154452362389048,"upper_bound":0.1339449317090022},"point_estimate":0.1011007528570933,"standard_error":0.015645839814579357},"Median":{"confidence_interval":{"confidence_level":0.95,"lower_bound":0.019657019253287653,"upper_bound":0.11680488746380235},"point_estimate":0.04565518850102768,"standard_error":0.024514823329951387}}