{"Mean":{"confidence_interval":{"confidence_level":0.95,"lower_bound":259.84423281265055,"upper_bound":263.0328137335022},"point_estimate":261.1722575772557,"standard_error":0.8302450013027067},"Median":{"confidence_interval":{"confidence_level":0.95,"lower_bound":259.1925064112234,"upper_bound":259.4523719308209},"point_estimate":259.31144666227823,"standard_error":0.06953728469205432},"MedianAbsDev":{"confidence_interval":{"confidence_level":0.95,"lower_bound":0.35761005436917553,"upper_bound":0.7333259603138571},"point_estimate":0.5221379029970102,"standard_error":0.09602897866595012},"Slope":{"confidence_interval":{"confidence_level":0.95,"lower_bound":259.5353551304027,"upper_bound":260.84233203146965},"point_estimate":260.0867913498469,"standard_error":0.33802941454150964},"StdDev":{"confidence_interval":{"confidence_level":0.95,"lower_bound":1.7743764256135923,"upper_bound":13.315185619523607},"point_estimate":8.343976556144383,"standard_error":3.0915686742536947}}