{"Mean":{"confidence_interval":{"confidence_level":0.95,"lower_bound":1720.9769865789397,"upper_bound":1746.9189117580734},"point_estimate":1732.7438645103618,"standard_error":6.651113115619166},"Median":{"confidence_interval":{"confidence_level":0.95,"lower_bound":1705.3196051936,"upper_bound":1714.480865913527},"point_estimate":1710.4691895368783,"standard_error":2.3247939081243256},"MedianAbsDev":{"confidence_interval":{"confidence_level":0.95,"lower_bound":12.631884322752956,"upper_bound":25.32418654817729},"point_estimate":18.47268686823148,"standard_error":3.3560394626739503},"Slope":{"confidence_interval":{"confidence_level":0.95,"lower_bound":1719.304770449762,"upper_bound":1743.5353550034854},"point_estimate":1730.7303105247163,"standard_error":6.191802128933805},"StdDev":{"confidence_interval":{"confidence_level":0.95,"lower_bound":37.27267235561143,"upper_bound":93.29635688146467},"point_estimate":66.74954167758939,"standard_error":14.602801806726099}}