{"Mean":{"confidence_interval":{"confidence_level":0.95,"lower_bound":396.6342978166603,"upper_bound":436.06380354221295},"point_estimate":416.227783957245,"standard_error":10.06486818864597},"Median":{"confidence_interval":{"confidence_level":0.95,"lower_bound":359.7606168641115,"upper_bound":453.91885},"point_estimate":382.82084635897434,"standard_error":23.208278408722926},"MedianAbsDev":{"confidence_interval":{"confidence_level":0.95,"lower_bound":83.2645474177616,"upper_bound":157.85819650469645},"point_estimate":117.31110084370884,"standard_error":19.4323102876672},"Slope":{"confidence_interval":{"confidence_level":0.95,"lower_bound":339.162509664361,"upper_bound":368.46433041288884},"point_estimate":352.6627701615487,"standard_error":7.45132266776778},"StdDev":{"confidence_interval":{"confidence_level":0.95,"lower_bound":93.7416298080522,"upper_bound":106.90900394753007},"point_estimate":101.1932659517885,"standard_error":3.3500593777919843}}