{"Mean":{"confidence_interval":{"confidence_level":0.95,"lower_bound":781.1762951737794,"upper_bound":794.2143499224128},"point_estimate":786.6387859694584,"standard_error":3.3929265005411624},"Median":{"confidence_interval":{"confidence_level":0.95,"lower_bound":778.613066848361,"upper_bound":778.9817376974497},"point_estimate":778.7869916053739,"standard_error":0.08582006914113496},"MedianAbsDev":{"confidence_interval":{"confidence_level":0.95,"lower_bound":0.7301361885060809,"upper_bound":1.3728601193057135},"point_estimate":0.9739691228758267,"standard_error":0.16544486706796105},"Slope":{"confidence_interval":{"confidence_level":0.95,"lower_bound":778.7274162696328,"upper_bound":780.5909103727029},"point_estimate":779.4185904216267,"standard_error":0.5000763035075624},"StdDev":{"confidence_interval":{"confidence_level":0.95,"lower_bound":8.269176721143806,"upper_bound":54.19779679682685},"point_estimate":34.14302041017673,"standard_error":12.257923774426}}