{"Mean":{"confidence_interval":{"confidence_level":0.95,"lower_bound":297.32751812311653,"upper_bound":305.555942253824},"point_estimate":301.0415582512537,"standard_error":2.1027438868265005},"Median":{"confidence_interval":{"confidence_level":0.95,"lower_bound":296.24955853621884,"upper_bound":296.86469464396146},"point_estimate":296.5839438683498,"standard_error":0.14994882470352217},"MedianAbsDev":{"confidence_interval":{"confidence_level":0.95,"lower_bound":0.8312539105127736,"upper_bound":1.4162482528612914},"point_estimate":1.147925403024015,"standard_error":0.14706320843841436},"Slope":{"confidence_interval":{"confidence_level":0.95,"lower_bound":296.56537219618457,"upper_bound":297.4318793770852},"point_estimate":296.9545605339372,"standard_error":0.22166637274399445},"StdDev":{"confidence_interval":{"confidence_level":0.95,"lower_bound":11.086693292671772,"upper_bound":28.504612502110646},"point_estimate":21.062892185493865,"standard_error":4.440499163270067}}