{"Mean":{"confidence_interval":{"confidence_level":0.95,"lower_bound":462.03526661446386,"upper_bound":468.42353301173296},"point_estimate":464.7323072365548,"standard_error":1.6638225250465657},"Median":{"confidence_interval":{"confidence_level":0.95,"lower_bound":462.23163103422223,"upper_bound":462.67462334113975},"point_estimate":462.4902885410902,"standard_error":0.10454909210923062},"MedianAbsDev":{"confidence_interval":{"confidence_level":0.95,"lower_bound":0.6969741121449244,"upper_bound":1.4359586439055305},"point_estimate":0.9639961172656899,"standard_error":0.2017743286505827},"Slope":{"confidence_interval":{"confidence_level":0.95,"lower_bound":462.63432228719785,"upper_bound":463.09221552757305},"point_estimate":462.8649646884644,"standard_error":0.1164383051784877},"StdDev":{"confidence_interval":{"confidence_level":0.95,"lower_bound":3.4364621341777197,"upper_bound":25.76678570548988},"point_estimate":16.711094132921055,"standard_error":5.868379292756418}}