{"Mean":{"confidence_interval":{"confidence_level":0.95,"lower_bound":-0.014650638861372254,"upper_bound":0.012245244784177543},"point_estimate":-0.0007068401887020404,"standard_error":0.00678348073204961},"Median":{"confidence_interval":{"confidence_level":0.95,"lower_bound":0.0003903638232873874,"upper_bound":0.0011414635134365803},"point_estimate":0.000785561459557993,"standard_error":0.00018342834059943276}}