{"Mean":{"confidence_interval":{"confidence_level":0.95,"lower_bound":0.11444896939154317,"upper_bound":0.13702273147208785},"point_estimate":0.12557752744937756,"standard_error":0.005685020705589943},"Median":{"confidence_interval":{"confidence_level":0.95,"lower_bound":0.12570430935173638,"upper_bound":0.12907357077644588},"point_estimate":0.12727099704004274,"standard_error":0.0008593261078751523}}