{"Mean":{"confidence_interval":{"confidence_level":0.95,"lower_bound":0.006794060523464085,"upper_bound":0.048901441958364156},"point_estimate":0.02581343165479466,"standard_error":0.010647411249731486},"Median":{"confidence_interval":{"confidence_level":0.95,"lower_bound":0.01949794907019986,"upper_bound":0.023291616780592106},"point_estimate":0.021528323458098297,"standard_error":0.001013900900956182}}