{"Mean":{"confidence_interval":{"confidence_level":0.95,"lower_bound":1357.4089687005667,"upper_bound":1400.7352420545337},"point_estimate":1375.2483411194664,"standard_error":11.284474019800808},"Median":{"confidence_interval":{"confidence_level":0.95,"lower_bound":1351.1309665753693,"upper_bound":1354.0412961865245},"point_estimate":1353.0730398936892,"standard_error":0.811110677837284},"MedianAbsDev":{"confidence_interval":{"confidence_level":0.95,"lower_bound":3.9426511654599126,"upper_bound":6.630983786551302},"point_estimate":5.243875038264113,"standard_error":0.6616543089806779},"Slope":{"confidence_interval":{"confidence_level":0.95,"lower_bound":1352.8007731981236,"upper_bound":1360.3954363111852},"point_estimate":1355.9310231881552,"standard_error":1.9989339947253948},"StdDev":{"confidence_interval":{"confidence_level":0.95,"lower_bound":26.555383305879754,"upper_bound":180.6937539220795},"point_estimate":113.1368593848831,"standard_error":42.59134291120461}}