{"Mean":{"confidence_interval":{"confidence_level":0.95,"lower_bound":598.6369248501607,"upper_bound":605.9593933015801},"point_estimate":601.7857796387326,"standard_error":1.8933969712281606},"Median":{"confidence_interval":{"confidence_level":0.95,"lower_bound":596.3076277650648,"upper_bound":597.9212498451628},"point_estimate":597.045170616672,"standard_error":0.4090172089731028},"MedianAbsDev":{"confidence_interval":{"confidence_level":0.95,"lower_bound":1.7536648701280793,"upper_bound":3.489222757677035},"point_estimate":2.3937635125801933,"standard_error":0.4336692418427192},"Slope":{"confidence_interval":{"confidence_level":0.95,"lower_bound":597.0404320746504,"upper_bound":598.3616121932705},"point_estimate":597.6720803965536,"standard_error":0.3366260345213902},"StdDev":{"confidence_interval":{"confidence_level":0.95,"lower_bound":6.074553937086805,"upper_bound":29.406663269396734},"point_estimate":19.05277034034495,"standard_error":6.0725835053393}}