{"Mean":{"confidence_interval":{"confidence_level":0.95,"lower_bound":335.25412493384266,"upper_bound":348.1861502905956},"point_estimate":340.95637523958453,"standard_error":3.3232762592881206},"Median":{"confidence_interval":{"confidence_level":0.95,"lower_bound":332.33825657924683,"upper_bound":332.55194360603537},"point_estimate":332.4134529022117,"standard_error":0.05661603837680644},"MedianAbsDev":{"confidence_interval":{"confidence_level":0.95,"lower_bound":0.2944034449055588,"upper_bound":0.6146671063667946},"point_estimate":0.41995695986590537,"standard_error":0.07755287600947686},"Slope":{"confidence_interval":{"confidence_level":0.95,"lower_bound":332.52989473892774,"upper_bound":333.3502296198969},"point_estimate":332.87860686330544,"standard_error":0.21303598660732861},"StdDev":{"confidence_interval":{"confidence_level":0.95,"lower_bound":14.000725981635446,"upper_bound":47.59811753379919},"point_estimate":33.3847969097275,"standard_error":8.542087736103593}}